hardware_type,file_system,function,iteration,nb_runs,seek_distance,time
ram,tmpfs,rand_python_time,0,1,,1.09672546387e-05
ram,tmpfs,rand_python_time,1,1,,1.00135803223e-05
ram,tmpfs,rand_python_time,2,1,,1.09672546387e-05
ram,tmpfs,rand_python_time,3,1,,1.09672546387e-05
ram,tmpfs,rand_python_time,4,1,,1.19209289551e-05
ram,tmpfs,rand_python_time,5,1,,1.00135803223e-05
ram,tmpfs,rand_python_time,6,1,,1.00135803223e-05
ram,tmpfs,rand_python_time,7,1,,1.00135803223e-05
ssd,ext4,rand_python_time,0,1,,0.000110864639282
ssd,ext4,rand_python_time,1,1,,0.000156164169312
ssd,ext4,rand_python_time,2,1,,0.000125169754028
ssd,ext4,rand_python_time,3,1,,0.000112056732178
ssd,ext4,rand_python_time,4,1,,0.000130891799927
ssd,ext4,rand_python_time,5,1,,0.000112056732178
ssd,ext4,rand_python_time,6,1,,0.000376224517822
ssd,ext4,rand_python_time,7,1,,0.000113964080811
hdd,ext4,rand_python_time,0,1,,0.0449631214142
hdd,ext4,rand_python_time,1,1,,0.000174999237061
hdd,ext4,rand_python_time,2,1,,0.000139951705933
hdd,ext4,rand_python_time,3,1,,0.000150918960571
hdd,ext4,rand_python_time,4,1,,0.000153064727783
hdd,ext4,rand_python_time,5,1,,0.000151872634888
hdd,ext4,rand_python_time,6,1,,0.000160932540894
hdd,ext4,rand_python_time,7,1,,0.000149011611938
ram,tmpfs,rand_python_time,0,10,,1.95503234863e-06
ram,tmpfs,rand_python_time,1,10,,1.93119049072e-06
ram,tmpfs,rand_python_time,2,10,,1.8835067749e-06
ram,tmpfs,rand_python_time,3,10,,1.85966491699e-06
ram,tmpfs,rand_python_time,4,10,,2.21729278564e-06
ram,tmpfs,rand_python_time,5,10,,1.97887420654e-06
ram,tmpfs,rand_python_time,6,10,,1.8835067749e-06
ram,tmpfs,rand_python_time,7,10,,2.05039978027e-06
ssd,ext4,rand_python_time,0,10,,2.25067138672e-05
ssd,ext4,rand_python_time,1,10,,2.26020812988e-05
ssd,ext4,rand_python_time,2,10,,2.18868255615e-05
ssd,ext4,rand_python_time,3,10,,2.87055969238e-05
ssd,ext4,rand_python_time,4,10,,2.38656997681e-05
ssd,ext4,rand_python_time,5,10,,2.64406204224e-05
ssd,ext4,rand_python_time,6,10,,1.66177749634e-05
ssd,ext4,rand_python_time,7,10,,1.42812728882e-05
hdd,ext4,rand_python_time,0,10,,0.000779557228088
hdd,ext4,rand_python_time,1,10,,0.000114393234253
hdd,ext4,rand_python_time,2,10,,7.28130340576e-05
hdd,ext4,rand_python_time,3,10,,7.22169876099e-05
hdd,ext4,rand_python_time,4,10,,7.09295272827e-05
hdd,ext4,rand_python_time,5,10,,7.04765319824e-05
hdd,ext4,rand_python_time,6,10,,7.30991363525e-05
hdd,ext4,rand_python_time,7,10,,7.28368759155e-05
ram,tmpfs,rand_python_time,0,100,,9.13143157959e-07
ram,tmpfs,rand_python_time,1,100,,1.36852264404e-06
ram,tmpfs,rand_python_time,2,100,,9.67979431152e-07
ram,tmpfs,rand_python_time,3,100,,9.8705291748e-07
ram,tmpfs,rand_python_time,4,100,,8.53538513184e-07
ram,tmpfs,rand_python_time,5,100,,9.36985015869e-07
ram,tmpfs,rand_python_time,6,100,,8.32080841064e-07
ram,tmpfs,rand_python_time,7,100,,8.79764556885e-07
ssd,ext4,rand_python_time,0,100,,3.19242477417e-06
ssd,ext4,rand_python_time,1,100,,2.08377838135e-06
ssd,ext4,rand_python_time,2,100,,3.28302383423e-06
ssd,ext4,rand_python_time,3,100,,3.08752059937e-06
ssd,ext4,rand_python_time,4,100,,3.18288803101e-06
ssd,ext4,rand_python_time,5,100,,3.23057174683e-06
ssd,ext4,rand_python_time,6,100,,3.10897827148e-06
ssd,ext4,rand_python_time,7,100,,3.25202941895e-06
hdd,ext4,rand_python_time,0,100,,5.86533546448e-05
hdd,ext4,rand_python_time,1,100,,1.17301940918e-05
hdd,ext4,rand_python_time,2,100,,7.79628753662e-06
hdd,ext4,rand_python_time,3,100,,3.95369529724e-05
hdd,ext4,rand_python_time,4,100,,8.1992149353e-06
hdd,ext4,rand_python_time,5,100,,5.94139099121e-06
hdd,ext4,rand_python_time,6,100,,5.90801239014e-06
hdd,ext4,rand_python_time,7,100,,6.06775283813e-06
ram,tmpfs,rand_python_time,0,1000000,,7.53001689911e-07
ram,tmpfs,rand_python_time,1,1000000,,7.49684095383e-07
ram,tmpfs,rand_python_time,2,1000000,,7.53560304642e-07
ram,tmpfs,rand_python_time,3,1000000,,7.5771689415e-07
ram,tmpfs,rand_python_time,4,1000000,,7.52361536026e-07
ram,tmpfs,rand_python_time,5,1000000,,7.60272741318e-07
ram,tmpfs,rand_python_time,6,1000000,,7.54888296127e-07
ram,tmpfs,rand_python_time,7,1000000,,7.48750209808e-07
ssd,ext4,rand_python_time,0,1000000,,7.535841465e-07
ssd,ext4,rand_python_time,1,1000000,,7.7031493187e-07
ssd,ext4,rand_python_time,2,1000000,,7.51684188843e-07
ssd,ext4,rand_python_time,3,1000000,,7.46351242065e-07
ssd,ext4,rand_python_time,4,1000000,,7.50813245773e-07
ssd,ext4,rand_python_time,5,1000000,,7.46315717697e-07
ssd,ext4,rand_python_time,6,1000000,,7.40655183792e-07
ssd,ext4,rand_python_time,7,1000000,,7.38718032837e-07
hdd,ext4,rand_python_time,0,1000000,,7.72423028946e-07
hdd,ext4,rand_python_time,1,1000000,,7.71320581436e-07
hdd,ext4,rand_python_time,2,1000000,,7.63909816742e-07
hdd,ext4,rand_python_time,3,1000000,,7.63905763626e-07
hdd,ext4,rand_python_time,4,1000000,,7.67444849014e-07
hdd,ext4,rand_python_time,5,1000000,,7.68759727478e-07
hdd,ext4,rand_python_time,6,1000000,,7.63767242432e-07
hdd,ext4,rand_python_time,7,1000000,,7.72283792496e-07
,,timeit_random_,0,1000000,,0.844106912613
,,timeit_random_,1,1000000,,0.841633081436
,,timeit_random_,2,1000000,,0.84251499176
,,timeit_random_,3,1000000,,0.823987960815
,,timeit_random_,4,1000000,,0.833512067795
,,timeit_random_,5,1000000,,0.844197034836
,,timeit_random_,6,1000000,,0.842121124268
,,timeit_random_,7,1000000,,0.841585874557
ram,tmpfs,timeit_seeks_random,0,1000000,,1.52758789062
ram,tmpfs,timeit_seeks_random,1,1000000,,1.54185986519
ram,tmpfs,timeit_seeks_random,2,1000000,,1.55081295967
ram,tmpfs,timeit_seeks_random,3,1000000,,1.54450011253
ram,tmpfs,timeit_seeks_random,4,1000000,,1.54513287544
ram,tmpfs,timeit_seeks_random,5,1000000,,1.52433109283
ram,tmpfs,timeit_seeks_random,6,1000000,,1.55057191849
ram,tmpfs,timeit_seeks_random,7,1000000,,1.53590703011
ssd,ext4,timeit_seeks_random,0,1000000,,1.52520990372
ssd,ext4,timeit_seeks_random,1,1000000,,1.55269789696
ssd,ext4,timeit_seeks_random,2,1000000,,1.52781486511
ssd,ext4,timeit_seeks_random,3,1000000,,1.55530190468
ssd,ext4,timeit_seeks_random,4,1000000,,1.52519798279
ssd,ext4,timeit_seeks_random,5,1000000,,1.54684185982
ssd,ext4,timeit_seeks_random,6,1000000,,1.54063105583
ssd,ext4,timeit_seeks_random,7,1000000,,1.50845885277
hdd,ext4,timeit_seeks_random,0,1000000,,1.56991696358
hdd,ext4,timeit_seeks_random,1,1000000,,1.54904508591
hdd,ext4,timeit_seeks_random,2,1000000,,1.55036997795
hdd,ext4,timeit_seeks_random,3,1000000,,1.57815909386
hdd,ext4,timeit_seeks_random,4,1000000,,1.57278513908
hdd,ext4,timeit_seeks_random,5,1000000,,1.56515598297
hdd,ext4,timeit_seeks_random,6,1000000,,1.53614401817
hdd,ext4,timeit_seeks_random,7,1000000,,1.56717610359
ram,tmpfs,timeit_seek_and_read,0,1000000,5000,2.23027610779
ram,tmpfs,timeit_seek_and_read,1,1000000,5000,2.27936506271
ram,tmpfs,timeit_seek_and_read,2,1000000,5000,2.23656320572
ram,tmpfs,timeit_seek_and_read,3,1000000,5000,2.2221801281
ram,tmpfs,timeit_seek_and_read,4,1000000,5000,2.23333001137
ram,tmpfs,timeit_seek_and_read,5,1000000,5000,2.24127316475
ram,tmpfs,timeit_seek_and_read,6,1000000,5000,2.22366499901
ram,tmpfs,timeit_seek_and_read,7,1000000,5000,2.2234210968
ssd,ext4,timeit_seek_and_read,0,1000000,5000,2.24978113174
ssd,ext4,timeit_seek_and_read,1,1000000,5000,2.19909882545
ssd,ext4,timeit_seek_and_read,2,1000000,5000,2.19853281975
ssd,ext4,timeit_seek_and_read,3,1000000,5000,2.20229792595
ssd,ext4,timeit_seek_and_read,4,1000000,5000,2.21247291565
ssd,ext4,timeit_seek_and_read,5,1000000,5000,2.21398997307
ssd,ext4,timeit_seek_and_read,6,1000000,5000,2.23245787621
ssd,ext4,timeit_seek_and_read,7,1000000,5000,2.21643090248
hdd,ext4,timeit_seek_and_read,0,1000000,5000,2.30338215828
hdd,ext4,timeit_seek_and_read,1,1000000,5000,2.27343010902
hdd,ext4,timeit_seek_and_read,2,1000000,5000,2.27742290497
hdd,ext4,timeit_seek_and_read,3,1000000,5000,2.28004002571
hdd,ext4,timeit_seek_and_read,4,1000000,5000,2.33119797707
hdd,ext4,timeit_seek_and_read,5,1000000,5000,2.32234287262
hdd,ext4,timeit_seek_and_read,6,1000000,5000,2.27878189087
hdd,ext4,timeit_seek_and_read,7,1000000,5000,2.27482104301
ram,tmpfs,timeit_seek_and_read,0,1000000,50000,1.83130502701
ram,tmpfs,timeit_seek_and_read,1,1000000,50000,1.82514810562
ram,tmpfs,timeit_seek_and_read,2,1000000,50000,1.83896899223
ram,tmpfs,timeit_seek_and_read,3,1000000,50000,1.82841992378
ram,tmpfs,timeit_seek_and_read,4,1000000,50000,1.80811905861
ram,tmpfs,timeit_seek_and_read,5,1000000,50000,1.82055497169
ram,tmpfs,timeit_seek_and_read,6,1000000,50000,1.82247114182
ram,tmpfs,timeit_seek_and_read,7,1000000,50000,1.82449412346
ssd,ext4,timeit_seek_and_read,0,1000000,50000,1.90687704086
ssd,ext4,timeit_seek_and_read,1,1000000,50000,1.90598988533
ssd,ext4,timeit_seek_and_read,2,1000000,50000,1.90893101692
ssd,ext4,timeit_seek_and_read,3,1000000,50000,1.90446519852
ssd,ext4,timeit_seek_and_read,4,1000000,50000,1.90741801262
ssd,ext4,timeit_seek_and_read,5,1000000,50000,1.90426921844
ssd,ext4,timeit_seek_and_read,6,1000000,50000,1.91624283791
ssd,ext4,timeit_seek_and_read,7,1000000,50000,1.9070019722
hdd,ext4,timeit_seek_and_read,0,1000000,50000,1.93094992638
hdd,ext4,timeit_seek_and_read,1,1000000,50000,1.93037891388
hdd,ext4,timeit_seek_and_read,2,1000000,50000,1.90963816643
hdd,ext4,timeit_seek_and_read,3,1000000,50000,1.91057896614
hdd,ext4,timeit_seek_and_read,4,1000000,50000,1.92865681648
hdd,ext4,timeit_seek_and_read,5,1000000,50000,1.91483521461
hdd,ext4,timeit_seek_and_read,6,1000000,50000,1.91065502167
hdd,ext4,timeit_seek_and_read,7,1000000,50000,1.92796516418
ram,tmpfs,timeit_seek_and_read,0,1000000,500000,1.81784701347
ram,tmpfs,timeit_seek_and_read,1,1000000,500000,1.82026100159
ram,tmpfs,timeit_seek_and_read,2,1000000,500000,1.81788802147
ram,tmpfs,timeit_seek_and_read,3,1000000,500000,1.82186889648
ram,tmpfs,timeit_seek_and_read,4,1000000,500000,1.81716513634
ram,tmpfs,timeit_seek_and_read,5,1000000,500000,1.81190299988
ram,tmpfs,timeit_seek_and_read,6,1000000,500000,1.81722807884
ram,tmpfs,timeit_seek_and_read,7,1000000,500000,1.83114409447
ssd,ext4,timeit_seek_and_read,0,1000000,500000,1.92343592644
ssd,ext4,timeit_seek_and_read,1,1000000,500000,1.93568515778
ssd,ext4,timeit_seek_and_read,2,1000000,500000,1.92938709259
ssd,ext4,timeit_seek_and_read,3,1000000,500000,1.91939687729
ssd,ext4,timeit_seek_and_read,4,1000000,500000,1.90991806984
ssd,ext4,timeit_seek_and_read,5,1000000,500000,1.91389679909
ssd,ext4,timeit_seek_and_read,6,1000000,500000,1.91881585121
ssd,ext4,timeit_seek_and_read,7,1000000,500000,1.92894411087
hdd,ext4,timeit_seek_and_read,0,1000000,500000,1.96011304855
hdd,ext4,timeit_seek_and_read,1,1000000,500000,2.09265303612
hdd,ext4,timeit_seek_and_read,2,1000000,500000,1.9746670723
hdd,ext4,timeit_seek_and_read,3,1000000,500000,2.12095212936
hdd,ext4,timeit_seek_and_read,4,1000000,500000,2.15887594223
hdd,ext4,timeit_seek_and_read,5,1000000,500000,2.06105303764
hdd,ext4,timeit_seek_and_read,6,1000000,500000,2.06570506096
hdd,ext4,timeit_seek_and_read,7,1000000,500000,1.93709802628
ram,tmpfs,timeit_seek_and_write,0,1000000,5000,2.19033098221
ram,tmpfs,timeit_seek_and_write,1,1000000,5000,2.16853284836
ram,tmpfs,timeit_seek_and_write,2,1000000,5000,2.16573095322
ram,tmpfs,timeit_seek_and_write,3,1000000,5000,2.19246912003
ram,tmpfs,timeit_seek_and_write,4,1000000,5000,2.165350914
ram,tmpfs,timeit_seek_and_write,5,1000000,5000,2.19329404831
ram,tmpfs,timeit_seek_and_write,6,1000000,5000,2.18179893494
ram,tmpfs,timeit_seek_and_write,7,1000000,5000,2.23958301544
ssd,ext4,timeit_seek_and_write,0,1000000,5000,2.86703395844
ssd,ext4,timeit_seek_and_write,1,1000000,5000,2.87759590149
ssd,ext4,timeit_seek_and_write,2,1000000,5000,2.84718513489
ssd,ext4,timeit_seek_and_write,3,1000000,5000,2.87207603455
ssd,ext4,timeit_seek_and_write,4,1000000,5000,2.87214183807
ssd,ext4,timeit_seek_and_write,5,1000000,5000,2.87191200256
ssd,ext4,timeit_seek_and_write,6,1000000,5000,2.87166190147
ssd,ext4,timeit_seek_and_write,7,1000000,5000,2.86718511581
hdd,ext4,timeit_seek_and_write,0,1000000,5000,3.26813602448
hdd,ext4,timeit_seek_and_write,1,1000000,5000,3.26111984253
hdd,ext4,timeit_seek_and_write,2,1000000,5000,3.2559401989
hdd,ext4,timeit_seek_and_write,3,1000000,5000,3.26765179634
hdd,ext4,timeit_seek_and_write,4,1000000,5000,3.26492190361
hdd,ext4,timeit_seek_and_write,5,1000000,5000,3.24125480652
hdd,ext4,timeit_seek_and_write,6,1000000,5000,3.26901316643
hdd,ext4,timeit_seek_and_write,7,1000000,5000,3.23747706413
ram,tmpfs,timeit_seek_and_write,0,1000000,50000,2.16484189034
ram,tmpfs,timeit_seek_and_write,1,1000000,50000,2.1668817997
ram,tmpfs,timeit_seek_and_write,2,1000000,50000,2.17908096313
ram,tmpfs,timeit_seek_and_write,3,1000000,50000,2.1855430603
ram,tmpfs,timeit_seek_and_write,4,1000000,50000,2.17387199402
ram,tmpfs,timeit_seek_and_write,5,1000000,50000,2.17025780678
ram,tmpfs,timeit_seek_and_write,6,1000000,50000,2.16941690445
ram,tmpfs,timeit_seek_and_write,7,1000000,50000,2.18485689163
ssd,ext4,timeit_seek_and_write,0,1000000,50000,2.85810089111
ssd,ext4,timeit_seek_and_write,1,1000000,50000,2.92241382599
ssd,ext4,timeit_seek_and_write,2,1000000,50000,2.86466598511
ssd,ext4,timeit_seek_and_write,3,1000000,50000,2.87501883507
ssd,ext4,timeit_seek_and_write,4,1000000,50000,2.87962889671
ssd,ext4,timeit_seek_and_write,5,1000000,50000,2.86746001244
ssd,ext4,timeit_seek_and_write,6,1000000,50000,2.8800098896
ssd,ext4,timeit_seek_and_write,7,1000000,50000,2.87613391876
hdd,ext4,timeit_seek_and_write,0,1000000,50000,3.26797294617
hdd,ext4,timeit_seek_and_write,1,1000000,50000,3.32737898827
hdd,ext4,timeit_seek_and_write,2,1000000,50000,3.27027082443
hdd,ext4,timeit_seek_and_write,3,1000000,50000,3.2434990406
hdd,ext4,timeit_seek_and_write,4,1000000,50000,3.24892401695
hdd,ext4,timeit_seek_and_write,5,1000000,50000,3.23756313324
hdd,ext4,timeit_seek_and_write,6,1000000,50000,3.2495598793
hdd,ext4,timeit_seek_and_write,7,1000000,50000,3.25250101089
ram,tmpfs,timeit_seek_and_write,0,1000000,500000,2.17233014107
ram,tmpfs,timeit_seek_and_write,1,1000000,500000,2.17630982399
ram,tmpfs,timeit_seek_and_write,2,1000000,500000,2.20114016533
ram,tmpfs,timeit_seek_and_write,3,1000000,500000,2.19587993622
ram,tmpfs,timeit_seek_and_write,4,1000000,500000,2.17136406898
ram,tmpfs,timeit_seek_and_write,5,1000000,500000,2.1808989048
ram,tmpfs,timeit_seek_and_write,6,1000000,500000,2.17596507072
ram,tmpfs,timeit_seek_and_write,7,1000000,500000,2.20465397835
ssd,ext4,timeit_seek_and_write,0,1000000,500000,2.87142300606
ssd,ext4,timeit_seek_and_write,1,1000000,500000,2.88318800926
ssd,ext4,timeit_seek_and_write,2,1000000,500000,2.85811710358
ssd,ext4,timeit_seek_and_write,3,1000000,500000,2.91425395012
ssd,ext4,timeit_seek_and_write,4,1000000,500000,2.87238097191
ssd,ext4,timeit_seek_and_write,5,1000000,500000,2.88534903526
ssd,ext4,timeit_seek_and_write,6,1000000,500000,2.87205004692
ssd,ext4,timeit_seek_and_write,7,1000000,500000,2.9025349617
hdd,ext4,timeit_seek_and_write,0,1000000,500000,3.33880710602
hdd,ext4,timeit_seek_and_write,1,1000000,500000,3.26614618301
hdd,ext4,timeit_seek_and_write,2,1000000,500000,3.27464699745
hdd,ext4,timeit_seek_and_write,3,1000000,500000,3.29824304581
hdd,ext4,timeit_seek_and_write,4,1000000,500000,3.26906013489
hdd,ext4,timeit_seek_and_write,5,1000000,500000,3.28753304482
hdd,ext4,timeit_seek_and_write,6,1000000,500000,3.31131696701
hdd,ext4,timeit_seek_and_write,7,1000000,500000,3.24935913086
ram,tmpfs,timeit_seeks_,0,1000000,0,0.363612890244
ram,tmpfs,timeit_seeks_,1,1000000,0,0.346255064011
ram,tmpfs,timeit_seeks_,2,1000000,0,0.34472489357
ram,tmpfs,timeit_seeks_,3,1000000,0,0.36696100235
ram,tmpfs,timeit_seeks_,4,1000000,0,0.344742059708
ram,tmpfs,timeit_seeks_,5,1000000,0,0.363341093063
ram,tmpfs,timeit_seeks_,6,1000000,0,0.346770048141
ram,tmpfs,timeit_seeks_,7,1000000,0,0.344751834869
ssd,ext4,timeit_seeks_,0,1000000,0,0.386762142181
ssd,ext4,timeit_seeks_,1,1000000,0,0.349617958069
ssd,ext4,timeit_seeks_,2,1000000,0,0.370455980301
ssd,ext4,timeit_seeks_,3,1000000,0,0.34973692894
ssd,ext4,timeit_seeks_,4,1000000,0,0.351833105087
ssd,ext4,timeit_seeks_,5,1000000,0,0.366996049881
ssd,ext4,timeit_seeks_,6,1000000,0,0.349735021591
ssd,ext4,timeit_seeks_,7,1000000,0,0.372167110443
hdd,ext4,timeit_seeks_,0,1000000,0,0.349496126175
hdd,ext4,timeit_seeks_,1,1000000,0,0.357861995697
hdd,ext4,timeit_seeks_,2,1000000,0,0.361984968185
hdd,ext4,timeit_seeks_,3,1000000,0,0.349818944931
hdd,ext4,timeit_seeks_,4,1000000,0,0.37157201767
hdd,ext4,timeit_seeks_,5,1000000,0,0.349748849869
hdd,ext4,timeit_seeks_,6,1000000,0,0.35928106308
hdd,ext4,timeit_seeks_,7,1000000,0,0.358400821686
ram,tmpfs,timeit_seeks_,0,1000000,5000,0.342267990112
ram,tmpfs,timeit_seeks_,1,1000000,5000,0.367535114288
ram,tmpfs,timeit_seeks_,2,1000000,5000,0.341981887817
ram,tmpfs,timeit_seeks_,3,1000000,5000,0.352892875671
ram,tmpfs,timeit_seeks_,4,1000000,5000,0.350483894348
ram,tmpfs,timeit_seeks_,5,1000000,5000,0.342169046402
ram,tmpfs,timeit_seeks_,6,1000000,5000,0.364538908005
ram,tmpfs,timeit_seeks_,7,1000000,5000,0.341845989227
ssd,ext4,timeit_seeks_,0,1000000,5000,0.355387210846
ssd,ext4,timeit_seeks_,1,1000000,5000,0.358824014664
ssd,ext4,timeit_seeks_,2,1000000,5000,0.34477519989
ssd,ext4,timeit_seeks_,3,1000000,5000,0.367115020752
ssd,ext4,timeit_seeks_,4,1000000,5000,0.345021009445
ssd,ext4,timeit_seeks_,5,1000000,5000,0.355622053146
ssd,ext4,timeit_seeks_,6,1000000,5000,0.352100133896
ssd,ext4,timeit_seeks_,7,1000000,5000,0.34489607811
hdd,ext4,timeit_seeks_,0,1000000,5000,0.374534130096
hdd,ext4,timeit_seeks_,1,1000000,5000,0.344856977463
hdd,ext4,timeit_seeks_,2,1000000,5000,0.365772008896
hdd,ext4,timeit_seeks_,3,1000000,5000,0.347451925278
hdd,ext4,timeit_seeks_,4,1000000,5000,0.345028162003
hdd,ext4,timeit_seeks_,5,1000000,5000,0.369649171829
hdd,ext4,timeit_seeks_,6,1000000,5000,0.344975948334
hdd,ext4,timeit_seeks_,7,1000000,5000,0.381399154663
ram,tmpfs,timeit_seeks_,0,1000000,50000,0.34241604805
ram,tmpfs,timeit_seeks_,1,1000000,50000,0.342236042023
ram,tmpfs,timeit_seeks_,2,1000000,50000,0.362879991531
ram,tmpfs,timeit_seeks_,3,1000000,50000,0.343555927277
ram,tmpfs,timeit_seeks_,4,1000000,50000,0.358157157898
ram,tmpfs,timeit_seeks_,5,1000000,50000,0.343239068985
ram,tmpfs,timeit_seeks_,6,1000000,50000,0.342195987701
ram,tmpfs,timeit_seeks_,7,1000000,50000,0.363311052322
ssd,ext4,timeit_seeks_,0,1000000,50000,0.34518289566
ssd,ext4,timeit_seeks_,1,1000000,50000,0.36316204071
ssd,ext4,timeit_seeks_,2,1000000,50000,0.345448970795
ssd,ext4,timeit_seeks_,3,1000000,50000,0.345063924789
ssd,ext4,timeit_seeks_,4,1000000,50000,0.362944841385
ssd,ext4,timeit_seeks_,5,1000000,50000,0.345151901245
ssd,ext4,timeit_seeks_,6,1000000,50000,0.363098859787
ssd,ext4,timeit_seeks_,7,1000000,50000,0.345202207565
hdd,ext4,timeit_seeks_,0,1000000,50000,0.345004796982
hdd,ext4,timeit_seeks_,1,1000000,50000,0.375792980194
hdd,ext4,timeit_seeks_,2,1000000,50000,0.345020055771
hdd,ext4,timeit_seeks_,3,1000000,50000,0.365625858307
hdd,ext4,timeit_seeks_,4,1000000,50000,0.344847917557
hdd,ext4,timeit_seeks_,5,1000000,50000,0.346624135971
hdd,ext4,timeit_seeks_,6,1000000,50000,0.361951112747
hdd,ext4,timeit_seeks_,7,1000000,50000,0.345194816589
ram,tmpfs,timeit_seeks_,0,1000000,500000,0.362987041473
ram,tmpfs,timeit_seeks_,1,1000000,500000,0.345793008804
ram,tmpfs,timeit_seeks_,2,1000000,500000,0.347306013107
ram,tmpfs,timeit_seeks_,3,1000000,500000,0.358888149261
ram,tmpfs,timeit_seeks_,4,1000000,500000,0.342280864716
ram,tmpfs,timeit_seeks_,5,1000000,500000,0.362343072891
ram,tmpfs,timeit_seeks_,6,1000000,500000,0.342361927032
ram,tmpfs,timeit_seeks_,7,1000000,500000,0.344154834747
ssd,ext4,timeit_seeks_,0,1000000,500000,0.363799095154
ssd,ext4,timeit_seeks_,1,1000000,500000,0.345082044601
ssd,ext4,timeit_seeks_,2,1000000,500000,0.37028503418
ssd,ext4,timeit_seeks_,3,1000000,500000,0.34480714798
ssd,ext4,timeit_seeks_,4,1000000,500000,0.348408937454
ssd,ext4,timeit_seeks_,5,1000000,500000,0.360486030579
ssd,ext4,timeit_seeks_,6,1000000,500000,0.345113039017
ssd,ext4,timeit_seeks_,7,1000000,500000,0.369250059128
hdd,ext4,timeit_seeks_,0,1000000,500000,0.345314979553
hdd,ext4,timeit_seeks_,1,1000000,500000,0.349552869797
hdd,ext4,timeit_seeks_,2,1000000,500000,0.361017942429
hdd,ext4,timeit_seeks_,3,1000000,500000,0.344907999039
hdd,ext4,timeit_seeks_,4,1000000,500000,0.369579076767
hdd,ext4,timeit_seeks_,5,1000000,500000,0.345191001892
hdd,ext4,timeit_seeks_,6,1000000,500000,0.352301120758
hdd,ext4,timeit_seeks_,7,1000000,500000,0.360074996948
ram,tmpfs,rand_python_time,0,10000000,,8.94990921021e-07
ram,tmpfs,rand_python_time,1,10000000,,8.89574575424e-07
ram,tmpfs,rand_python_time,2,10000000,,8.94728660583e-07
ram,tmpfs,rand_python_time,3,10000000,,8.98537158966e-07
ram,tmpfs,rand_python_time,4,10000000,,8.9777443409e-07
ram,tmpfs,rand_python_time,5,10000000,,9.05719590187e-07
ram,tmpfs,rand_python_time,6,10000000,,9.02103757858e-07
ram,tmpfs,rand_python_time,7,10000000,,8.98673701286e-07
ssd,ext4,rand_python_time,0,10000000,,9.46286320686e-07
ssd,ext4,rand_python_time,1,10000000,,9.53273630142e-07
ssd,ext4,rand_python_time,2,10000000,,9.42272686958e-07
ssd,ext4,rand_python_time,3,10000000,,9.43087244034e-07
ssd,ext4,rand_python_time,4,10000000,,9.46030020714e-07
ssd,ext4,rand_python_time,5,10000000,,9.39293885231e-07
ssd,ext4,rand_python_time,6,10000000,,9.45727944374e-07
ssd,ext4,rand_python_time,7,10000000,,9.40998721123e-07
hdd,ext4,rand_python_time,0,10000000,,9.62170577049e-07
hdd,ext4,rand_python_time,1,10000000,,9.60512900352e-07
hdd,ext4,rand_python_time,2,10000000,,9.6609480381e-07
hdd,ext4,rand_python_time,3,10000000,,9.58265733719e-07
hdd,ext4,rand_python_time,4,10000000,,9.66133570671e-07
hdd,ext4,rand_python_time,5,10000000,,9.82780456543e-07
hdd,ext4,rand_python_time,6,10000000,,9.64743804932e-07
hdd,ext4,rand_python_time,7,10000000,,9.80291628838e-07
,,timeit_random_,0,10000000,,8.37140893936
,,timeit_random_,1,10000000,,8.36326098442
,,timeit_random_,2,10000000,,8.3341050148
,,timeit_random_,3,10000000,,8.35023903847
,,timeit_random_,4,10000000,,8.32046914101
,,timeit_random_,5,10000000,,8.35843491554
,,timeit_random_,6,10000000,,8.31505584717
,,timeit_random_,7,10000000,,8.32455897331
ram,tmpfs,timeit_seeks_random,0,10000000,,16.7631189823
ram,tmpfs,timeit_seeks_random,1,10000000,,16.8182580471
ram,tmpfs,timeit_seeks_random,2,10000000,,16.7579519749
ram,tmpfs,timeit_seeks_random,3,10000000,,16.6923789978
ram,tmpfs,timeit_seeks_random,4,10000000,,16.7402040958
ram,tmpfs,timeit_seeks_random,5,10000000,,16.7143549919
ram,tmpfs,timeit_seeks_random,6,10000000,,16.8324990273
ram,tmpfs,timeit_seeks_random,7,10000000,,16.8021090031
ssd,ext4,timeit_seeks_random,0,10000000,,17.4212388992
ssd,ext4,timeit_seeks_random,1,10000000,,17.4468860626
ssd,ext4,timeit_seeks_random,2,10000000,,17.3780510426
ssd,ext4,timeit_seeks_random,3,10000000,,17.4660351276
ssd,ext4,timeit_seeks_random,4,10000000,,17.4328689575
ssd,ext4,timeit_seeks_random,5,10000000,,17.3996579647
ssd,ext4,timeit_seeks_random,6,10000000,,17.2971329689
ssd,ext4,timeit_seeks_random,7,10000000,,17.2402968407
hdd,ext4,timeit_seeks_random,0,10000000,,17.5540399551
hdd,ext4,timeit_seeks_random,1,10000000,,17.7828581333
hdd,ext4,timeit_seeks_random,2,10000000,,17.9942929745
hdd,ext4,timeit_seeks_random,3,10000000,,17.7257940769
hdd,ext4,timeit_seeks_random,4,10000000,,17.8163437843
hdd,ext4,timeit_seeks_random,5,10000000,,17.5435068607
hdd,ext4,timeit_seeks_random,6,10000000,,17.5344321728
hdd,ext4,timeit_seeks_random,7,10000000,,18.0374851227
ram,tmpfs,timeit_seek_and_read,0,10000000,5000,24.9943230152
ram,tmpfs,timeit_seek_and_read,1,10000000,5000,24.9798929691
ram,tmpfs,timeit_seek_and_read,2,10000000,5000,24.9744548798
ram,tmpfs,timeit_seek_and_read,3,10000000,5000,24.9786560535
ram,tmpfs,timeit_seek_and_read,4,10000000,5000,24.9817209244
ram,tmpfs,timeit_seek_and_read,5,10000000,5000,24.7694528103
ram,tmpfs,timeit_seek_and_read,6,10000000,5000,24.7821700573
ram,tmpfs,timeit_seek_and_read,7,10000000,5000,24.8769230843
ssd,ext4,timeit_seek_and_read,0,10000000,5000,25.2743210793
ssd,ext4,timeit_seek_and_read,1,10000000,5000,25.3903098106
ssd,ext4,timeit_seek_and_read,2,10000000,5000,25.2320270538
ssd,ext4,timeit_seek_and_read,3,10000000,5000,25.2499508858
ssd,ext4,timeit_seek_and_read,4,10000000,5000,25.165694952
ssd,ext4,timeit_seek_and_read,5,10000000,5000,25.2853720188
ssd,ext4,timeit_seek_and_read,6,10000000,5000,25.1936769485
ssd,ext4,timeit_seek_and_read,7,10000000,5000,25.1391971111
hdd,ext4,timeit_seek_and_read,0,10000000,5000,26.2739839554
hdd,ext4,timeit_seek_and_read,1,10000000,5000,26.0645809174
hdd,ext4,timeit_seek_and_read,2,10000000,5000,26.2865099907
hdd,ext4,timeit_seek_and_read,3,10000000,5000,26.0440740585
hdd,ext4,timeit_seek_and_read,4,10000000,5000,26.203286171
hdd,ext4,timeit_seek_and_read,5,10000000,5000,26.2279810905
hdd,ext4,timeit_seek_and_read,6,10000000,5000,26.1879498959
hdd,ext4,timeit_seek_and_read,7,10000000,5000,26.0188639164
ram,tmpfs,timeit_seek_and_read,0,10000000,50000,24.8711087704
ram,tmpfs,timeit_seek_and_read,1,10000000,50000,24.8021321297
ram,tmpfs,timeit_seek_and_read,2,10000000,50000,24.8020310402
ram,tmpfs,timeit_seek_and_read,3,10000000,50000,24.7623660564
ram,tmpfs,timeit_seek_and_read,4,10000000,50000,24.8086881638
ram,tmpfs,timeit_seek_and_read,5,10000000,50000,24.7731430531
ram,tmpfs,timeit_seek_and_read,6,10000000,50000,24.7601120472
ram,tmpfs,timeit_seek_and_read,7,10000000,50000,24.7839689255
ssd,ext4,timeit_seek_and_read,0,10000000,50000,25.2673611641
ssd,ext4,timeit_seek_and_read,1,10000000,50000,25.1935639381
ssd,ext4,timeit_seek_and_read,2,10000000,50000,25.067937851
ssd,ext4,timeit_seek_and_read,3,10000000,50000,25.1387078762
ssd,ext4,timeit_seek_and_read,4,10000000,50000,25.1439831257
ssd,ext4,timeit_seek_and_read,5,10000000,50000,25.0824048519
ssd,ext4,timeit_seek_and_read,6,10000000,50000,25.3328230381
ssd,ext4,timeit_seek_and_read,7,10000000,50000,25.2430911064
hdd,ext4,timeit_seek_and_read,0,10000000,50000,25.9892218113
hdd,ext4,timeit_seek_and_read,1,10000000,50000,26.0560548306
hdd,ext4,timeit_seek_and_read,2,10000000,50000,25.9577410221
hdd,ext4,timeit_seek_and_read,3,10000000,50000,26.1260249615
hdd,ext4,timeit_seek_and_read,4,10000000,50000,25.9445950985
hdd,ext4,timeit_seek_and_read,5,10000000,50000,26.0398650169
hdd,ext4,timeit_seek_and_read,6,10000000,50000,26.142357111
hdd,ext4,timeit_seek_and_read,7,10000000,50000,26.1613051891
ram,tmpfs,timeit_seek_and_read,0,10000000,500000,22.5406649113
ram,tmpfs,timeit_seek_and_read,1,10000000,500000,22.5598509312
ram,tmpfs,timeit_seek_and_read,2,10000000,500000,22.5037539005
ram,tmpfs,timeit_seek_and_read,3,10000000,500000,22.5540280342
ram,tmpfs,timeit_seek_and_read,4,10000000,500000,22.4387497902
ram,tmpfs,timeit_seek_and_read,5,10000000,500000,22.6109881401
ram,tmpfs,timeit_seek_and_read,6,10000000,500000,22.4303610325
ram,tmpfs,timeit_seek_and_read,7,10000000,500000,22.5615282059
ssd,ext4,timeit_seek_and_read,0,10000000,500000,22.1737060547
ssd,ext4,timeit_seek_and_read,1,10000000,500000,22.1236279011
ssd,ext4,timeit_seek_and_read,2,10000000,500000,22.0854430199
ssd,ext4,timeit_seek_and_read,3,10000000,500000,22.0824680328
ssd,ext4,timeit_seek_and_read,4,10000000,500000,22.3846130371
ssd,ext4,timeit_seek_and_read,5,10000000,500000,22.2200169563
ssd,ext4,timeit_seek_and_read,6,10000000,500000,22.0078589916
ssd,ext4,timeit_seek_and_read,7,10000000,500000,22.0726611614
hdd,ext4,timeit_seek_and_read,0,10000000,500000,23.1317510605
hdd,ext4,timeit_seek_and_read,1,10000000,500000,23.2207019329
hdd,ext4,timeit_seek_and_read,2,10000000,500000,23.1634500027
hdd,ext4,timeit_seek_and_read,3,10000000,500000,23.3863589764
hdd,ext4,timeit_seek_and_read,4,10000000,500000,23.1089410782
hdd,ext4,timeit_seek_and_read,5,10000000,500000,23.142663002
hdd,ext4,timeit_seek_and_read,6,10000000,500000,23.5123510361
hdd,ext4,timeit_seek_and_read,7,10000000,500000,22.9937169552
ram,tmpfs,timeit_seek_and_write,0,10000000,5000,21.810778141
ram,tmpfs,timeit_seek_and_write,1,10000000,5000,21.8595340252
ram,tmpfs,timeit_seek_and_write,2,10000000,5000,21.9062829018
ram,tmpfs,timeit_seek_and_write,3,10000000,5000,21.7732040882
ram,tmpfs,timeit_seek_and_write,4,10000000,5000,21.7867729664
ram,tmpfs,timeit_seek_and_write,5,10000000,5000,21.6792199612
ram,tmpfs,timeit_seek_and_write,6,10000000,5000,21.7956151962
ram,tmpfs,timeit_seek_and_write,7,10000000,5000,21.7726640701
ssd,ext4,timeit_seek_and_write,0,10000000,5000,28.756196022
ssd,ext4,timeit_seek_and_write,1,10000000,5000,28.6824319363
ssd,ext4,timeit_seek_and_write,2,10000000,5000,28.932913065
ssd,ext4,timeit_seek_and_write,3,10000000,5000,28.83644104
ssd,ext4,timeit_seek_and_write,4,10000000,5000,28.8655769825
ssd,ext4,timeit_seek_and_write,5,10000000,5000,28.8911180496
ssd,ext4,timeit_seek_and_write,6,10000000,5000,28.876306057
ssd,ext4,timeit_seek_and_write,7,10000000,5000,28.7849628925
hdd,ext4,timeit_seek_and_write,0,10000000,5000,32.790487051
hdd,ext4,timeit_seek_and_write,1,10000000,5000,32.4987471104
hdd,ext4,timeit_seek_and_write,2,10000000,5000,32.6127920151
hdd,ext4,timeit_seek_and_write,3,10000000,5000,32.6621851921
hdd,ext4,timeit_seek_and_write,4,10000000,5000,32.5481381416
hdd,ext4,timeit_seek_and_write,5,10000000,5000,32.3877129555
hdd,ext4,timeit_seek_and_write,6,10000000,5000,32.5894739628
hdd,ext4,timeit_seek_and_write,7,10000000,5000,32.5186169147
ram,tmpfs,timeit_seek_and_write,0,10000000,50000,21.7170629501
ram,tmpfs,timeit_seek_and_write,1,10000000,50000,21.7740781307
ram,tmpfs,timeit_seek_and_write,2,10000000,50000,21.7227311134
ram,tmpfs,timeit_seek_and_write,3,10000000,50000,21.7055540085
ram,tmpfs,timeit_seek_and_write,4,10000000,50000,21.7208909988
ram,tmpfs,timeit_seek_and_write,5,10000000,50000,21.6407589912
ram,tmpfs,timeit_seek_and_write,6,10000000,50000,21.74360919
ram,tmpfs,timeit_seek_and_write,7,10000000,50000,21.7468080521
ssd,ext4,timeit_seek_and_write,0,10000000,50000,28.855410099
ssd,ext4,timeit_seek_and_write,1,10000000,50000,28.6323328018
ssd,ext4,timeit_seek_and_write,2,10000000,50000,28.8264269829
ssd,ext4,timeit_seek_and_write,3,10000000,50000,29.1890878677
ssd,ext4,timeit_seek_and_write,4,10000000,50000,28.6766929626
ssd,ext4,timeit_seek_and_write,5,10000000,50000,28.6102910042
ssd,ext4,timeit_seek_and_write,6,10000000,50000,28.656265974
ssd,ext4,timeit_seek_and_write,7,10000000,50000,28.6701188087
hdd,ext4,timeit_seek_and_write,0,10000000,50000,33.1334550381
hdd,ext4,timeit_seek_and_write,1,10000000,50000,32.752202034
hdd,ext4,timeit_seek_and_write,2,10000000,50000,32.605107069
hdd,ext4,timeit_seek_and_write,3,10000000,50000,32.3903360367
hdd,ext4,timeit_seek_and_write,4,10000000,50000,32.5034530163
hdd,ext4,timeit_seek_and_write,5,10000000,50000,32.8301861286
hdd,ext4,timeit_seek_and_write,6,10000000,50000,32.6318678856
hdd,ext4,timeit_seek_and_write,7,10000000,50000,32.5594279766
ram,tmpfs,timeit_seek_and_write,0,10000000,500000,21.6812338829
ram,tmpfs,timeit_seek_and_write,1,10000000,500000,21.5803129673
ram,tmpfs,timeit_seek_and_write,2,10000000,500000,21.619987011
ram,tmpfs,timeit_seek_and_write,3,10000000,500000,21.6564161777
ram,tmpfs,timeit_seek_and_write,4,10000000,500000,21.8019669056
ram,tmpfs,timeit_seek_and_write,5,10000000,500000,21.7083659172
ram,tmpfs,timeit_seek_and_write,6,10000000,500000,21.7207570076
ram,tmpfs,timeit_seek_and_write,7,10000000,500000,21.6135509014
ssd,ext4,timeit_seek_and_write,0,10000000,500000,28.8453540802
ssd,ext4,timeit_seek_and_write,1,10000000,500000,28.8123948574
ssd,ext4,timeit_seek_and_write,2,10000000,500000,28.7727739811
ssd,ext4,timeit_seek_and_write,3,10000000,500000,28.9858338833
ssd,ext4,timeit_seek_and_write,4,10000000,500000,28.8325970173
ssd,ext4,timeit_seek_and_write,5,10000000,500000,28.8026101589
ssd,ext4,timeit_seek_and_write,6,10000000,500000,28.9985351562
ssd,ext4,timeit_seek_and_write,7,10000000,500000,28.9056348801
hdd,ext4,timeit_seek_and_write,0,10000000,500000,32.6442210674
hdd,ext4,timeit_seek_and_write,1,10000000,500000,32.5386989117
hdd,ext4,timeit_seek_and_write,2,10000000,500000,32.515515089
hdd,ext4,timeit_seek_and_write,3,10000000,500000,32.5270049572
hdd,ext4,timeit_seek_and_write,4,10000000,500000,32.5101649761
hdd,ext4,timeit_seek_and_write,5,10000000,500000,32.6681878567
hdd,ext4,timeit_seek_and_write,6,10000000,500000,32.7769579887
hdd,ext4,timeit_seek_and_write,7,10000000,500000,32.6685569286
ram,tmpfs,timeit_seeks_,0,10000000,0,3.51326584816
ram,tmpfs,timeit_seeks_,1,10000000,0,3.54734706879
ram,tmpfs,timeit_seeks_,2,10000000,0,3.55262899399
ram,tmpfs,timeit_seeks_,3,10000000,0,3.50998997688
ram,tmpfs,timeit_seeks_,4,10000000,0,3.53836512566
ram,tmpfs,timeit_seeks_,5,10000000,0,3.54402709007
ram,tmpfs,timeit_seeks_,6,10000000,0,3.58744096756
ram,tmpfs,timeit_seeks_,7,10000000,0,3.5940220356
ssd,ext4,timeit_seeks_,0,10000000,0,3.6017780304
ssd,ext4,timeit_seeks_,1,10000000,0,3.69706916809
ssd,ext4,timeit_seeks_,2,10000000,0,3.62254476547
ssd,ext4,timeit_seeks_,3,10000000,0,3.61710500717
ssd,ext4,timeit_seeks_,4,10000000,0,3.58067989349
ssd,ext4,timeit_seeks_,5,10000000,0,3.5860581398
ssd,ext4,timeit_seeks_,6,10000000,0,3.56148719788
ssd,ext4,timeit_seeks_,7,10000000,0,3.58808612823
hdd,ext4,timeit_seeks_,0,10000000,0,3.59314084053
hdd,ext4,timeit_seeks_,1,10000000,0,3.55858588219
hdd,ext4,timeit_seeks_,2,10000000,0,3.58411002159
hdd,ext4,timeit_seeks_,3,10000000,0,3.56370186806
hdd,ext4,timeit_seeks_,4,10000000,0,3.56701517105
hdd,ext4,timeit_seeks_,5,10000000,0,3.57422089577
hdd,ext4,timeit_seeks_,6,10000000,0,3.56115698814
hdd,ext4,timeit_seeks_,7,10000000,0,3.58664703369
ram,tmpfs,timeit_seeks_,0,10000000,5000,3.49671316147
ram,tmpfs,timeit_seeks_,1,10000000,5000,3.49260878563
ram,tmpfs,timeit_seeks_,2,10000000,5000,3.51942491531
ram,tmpfs,timeit_seeks_,3,10000000,5000,3.50353002548
ram,tmpfs,timeit_seeks_,4,10000000,5000,3.52632284164
ram,tmpfs,timeit_seeks_,5,10000000,5000,3.49705696106
ram,tmpfs,timeit_seeks_,6,10000000,5000,3.5264878273
ram,tmpfs,timeit_seeks_,7,10000000,5000,3.4862010479
ssd,ext4,timeit_seeks_,0,10000000,5000,3.54828810692
ssd,ext4,timeit_seeks_,1,10000000,5000,3.55645394325
ssd,ext4,timeit_seeks_,2,10000000,5000,3.5333571434
ssd,ext4,timeit_seeks_,3,10000000,5000,3.56454610825
ssd,ext4,timeit_seeks_,4,10000000,5000,3.53519701958
ssd,ext4,timeit_seeks_,5,10000000,5000,3.59679698944
ssd,ext4,timeit_seeks_,6,10000000,5000,3.53925299644
ssd,ext4,timeit_seeks_,7,10000000,5000,3.51538801193
hdd,ext4,timeit_seeks_,0,10000000,5000,3.57593584061
hdd,ext4,timeit_seeks_,1,10000000,5000,3.52267289162
hdd,ext4,timeit_seeks_,2,10000000,5000,3.51592421532
hdd,ext4,timeit_seeks_,3,10000000,5000,3.55651712418
hdd,ext4,timeit_seeks_,4,10000000,5000,3.5287899971
hdd,ext4,timeit_seeks_,5,10000000,5000,3.54515719414
hdd,ext4,timeit_seeks_,6,10000000,5000,3.51873612404
hdd,ext4,timeit_seeks_,7,10000000,5000,3.53196811676
ram,tmpfs,timeit_seeks_,0,10000000,50000,3.49501109123
ram,tmpfs,timeit_seeks_,1,10000000,50000,3.51385807991
ram,tmpfs,timeit_seeks_,2,10000000,50000,3.51119089127
ram,tmpfs,timeit_seeks_,3,10000000,50000,3.48875594139
ram,tmpfs,timeit_seeks_,4,10000000,50000,3.51069808006
ram,tmpfs,timeit_seeks_,5,10000000,50000,3.48403286934
ram,tmpfs,timeit_seeks_,6,10000000,50000,3.5063521862
ram,tmpfs,timeit_seeks_,7,10000000,50000,3.48939800262
ssd,ext4,timeit_seeks_,0,10000000,50000,3.53440403938
ssd,ext4,timeit_seeks_,1,10000000,50000,3.52795219421
ssd,ext4,timeit_seeks_,2,10000000,50000,3.52193689346
ssd,ext4,timeit_seeks_,3,10000000,50000,3.5223710537
ssd,ext4,timeit_seeks_,4,10000000,50000,3.50985503197
ssd,ext4,timeit_seeks_,5,10000000,50000,3.54232692719
ssd,ext4,timeit_seeks_,6,10000000,50000,3.52012705803
ssd,ext4,timeit_seeks_,7,10000000,50000,3.53482985497
hdd,ext4,timeit_seeks_,0,10000000,50000,3.53542494774
hdd,ext4,timeit_seeks_,1,10000000,50000,3.51168894768
hdd,ext4,timeit_seeks_,2,10000000,50000,3.53434300423
hdd,ext4,timeit_seeks_,3,10000000,50000,3.50590705872
hdd,ext4,timeit_seeks_,4,10000000,50000,3.54247498512
hdd,ext4,timeit_seeks_,5,10000000,50000,3.52071094513
hdd,ext4,timeit_seeks_,6,10000000,50000,3.53997397423
hdd,ext4,timeit_seeks_,7,10000000,50000,3.54140615463
ram,tmpfs,timeit_see